setup,regime,config,sample_flag,n_signals,n_trades,wr,wr_ci_low,wr_ci_high,expectancy,exp_ci_low,exp_ci_high,median_pnl,p25,p75,std,sharpe,pf,max_dd,p_value,fdr_significant,bonferroni_significant,train_expectancy,test_expectancy,oos_pass,oos_reason
orb_dax,TREND,baseline_F1234,REJECT,16,7,0.0,5.551115123125783e-17,0.35433043506668743,-45.555706191652334,-48.241393484808455,-42.77526959385097,-45.74776428397854,-47.96824748387007,-43.90376301581182,4.000684637699549,-180.76266484080094,0.0,-275.51135576961315,0.9999999556374101,False,False,-45.555706191652334,0.0,False,train expectancy -45.5557 ≤ 0 (no in-sample edge)
orb_dax,TREND,drop_F1,REJECT,77,41,0.4146341463414634,0.27756549454252133,0.5663289686596986,-9.179457551009165,-24.622910129008872,5.984088595294265,-38.5,-45.74776428397854,19.634500000000116,49.900517747927445,-2.9201975786858,0.6599936026359352,-760.6594881437213,0.8770990392919831,False,False,-8.370137705748357,-41.55225136144145,False,train expectancy -8.3701 ≤ 0 (no in-sample edge)
orb_dax,TREND,drop_F2,REJECT,16,7,0.0,5.551115123125783e-17,0.35433043506668743,-45.555706191652334,-48.241393484808455,-42.77526959385097,-45.74776428397854,-47.96824748387007,-43.90376301581182,4.000684637699549,-180.76266484080094,0.0,-275.51135576961315,0.9999999556374101,False,False,-45.555706191652334,0.0,False,train expectancy -45.5557 ≤ 0 (no in-sample edge)
orb_dax,TREND,drop_F3,PRIMARY,726,383,0.3368146214099217,0.2913100954113415,0.3855601129136171,8.416181965836909,1.260314738972055,16.034665928002973,-38.5,-38.5,81.11000000000422,77.63552056771886,1.7208971595043252,1.3015129349580885,-2423.009188373162,0.017259285921037572,False,False,16.39155371331122,-1.3675589569368132,False,test expectancy -1.3676 ≤ 0 (negative OOS)
orb_dax,TREND,drop_F4,REJECT,18,7,0.0,5.551115123125783e-17,0.35433043506668743,-45.555706191652334,-48.241393484808455,-42.77526959385097,-45.74776428397854,-47.96824748387007,-43.90376301581182,4.000684637699549,-180.76266484080094,0.0,-275.51135576961315,0.9999999556374101,False,False,-45.555706191652334,0.0,False,train expectancy -45.5557 ≤ 0 (no in-sample edge)
orb_dax,TREND,all_off,PRIMARY,3266,1688,0.2896919431279621,0.26854896119049365,0.31178996696480243,0.9752583296041398,-3.0044997667097646,5.0938860297164235,-38.5,-38.88462753719068,54.29299999999921,85.59919119564925,0.18086322789750595,1.0321516656332217,-9036.240474902355,0.3198877035864839,False,False,9.117230293002327,-13.413341304073311,False,test expectancy -13.4133 ≤ 0 (negative OOS)
orb_dax,CALM,baseline_F1234,REJECT,4,1,1.0,0.20654931437723745,1.0,87.0099999999984,87.0099999999984,87.0099999999984,87.0099999999984,87.0099999999984,87.0099999999984,0.0,0.0,inf,0.0,1.0,False,False,87.0099999999984,0.0,False,test expectancy 0.0000 ≤ 0 (negative OOS)
orb_dax,CALM,drop_F1,REJECT,7,4,0.25,0.04558726080970055,0.6993581574175981,-7.3128940449469155,-38.88078808989303,55.549980865582256,-38.66503826883309,-38.8554323137796,-7.1225000000004,62.88219920627945,-1.8461280856566442,0.7483985927168815,-116.26157617978606,0.5844778220036126,False,False,87.0099999999984,-38.753858726595354,False,test expectancy -38.7539 ≤ 0 (negative OOS)
orb_dax,CALM,drop_F2,REJECT,4,1,1.0,0.20654931437723745,1.0,87.0099999999984,87.0099999999984,87.0099999999984,87.0099999999984,87.0099999999984,87.0099999999984,0.0,0.0,inf,0.0,1.0,False,False,87.0099999999984,0.0,False,test expectancy 0.0000 ≤ 0 (negative OOS)
orb_dax,CALM,drop_F3,PRIMARY,240,122,0.3442622950819672,0.2658673683825975,0.4321653757057835,18.84356893736224,3.7876465586189636,33.67097585904546,-38.5,-38.5,95.5,83.19326838320939,3.5956320642325634,1.7608653075347331,-668.9571355502558,0.006845715091148035,True,False,11.605253021930084,25.40329273572263,True,OOS ratio 218.89% ≥ 70%
orb_dax,CALM,drop_F4,REJECT,4,1,1.0,0.20654931437723745,1.0,87.0099999999984,87.0099999999984,87.0099999999984,87.0099999999984,87.0099999999984,87.0099999999984,0.0,0.0,inf,0.0,1.0,False,False,87.0099999999984,0.0,False,test expectancy 0.0000 ≤ 0 (negative OOS)
orb_dax,CALM,all_off,PRIMARY,814,509,0.26129666011787817,0.22501860059210935,0.30115075287866633,2.5008102609058773,-3.823529760685232,8.756341260523186,-38.5,-38.5,10.970000000001164,76.08058785811714,0.5218036989031688,1.087617592623062,-4191.162463873847,0.22933825287439533,False,False,-8.94995116849156,17.542946865887057,False,train expectancy -8.9500 ≤ 0 (no in-sample edge)
orb_dax,CRASH,baseline_F1234,REJECT,9,7,0.42857142857142855,0.15821985525146975,0.7495416354723428,56.93351332222249,-44.07613760141534,174.8982642994584,-38.5,-42.11727823274032,110.61099999999715,165.97453335774784,5.445362531290474,3.1449839115346014,-147.29840674442676,0.199546495014681,False,False,-46.44960168610669,194.7776666666614,False,train expectancy -46.4496 ≤ 0 (no in-sample edge)
orb_dax,CRASH,drop_F1,REJECT,23,18,0.3333333333333333,0.1627877475083369,0.5625053270405489,9.034640691295156,-42.7563479393251,64.688379308652,-41.09892921315077,-60.88728716377818,61.053750000000036,125.78652102354891,1.140189533480298,1.2180891790169202,-369.8545391890766,0.38213598404434596,False,False,-23.278093634392615,73.6601093426707,False,train expectancy -23.2781 ≤ 0 (no in-sample edge)
orb_dax,CRASH,drop_F2,REJECT,9,7,0.42857142857142855,0.15821985525146975,0.7495416354723428,56.93351332222249,-44.07613760141534,174.8982642994584,-38.5,-42.11727823274032,110.61099999999715,165.97453335774784,5.445362531290474,3.1449839115346014,-147.29840674442676,0.199546495014681,False,False,-46.44960168610669,194.7776666666614,False,train expectancy -46.4496 ≤ 0 (no in-sample edge)
orb_dax,CRASH,drop_F3,REJECT,9,7,0.42857142857142855,0.15821985525146975,0.7495416354723428,56.93351332222249,-44.07613760141534,174.8982642994584,-38.5,-42.11727823274032,110.61099999999715,165.97453335774784,5.445362531290474,3.1449839115346014,-147.29840674442676,0.199546495014681,False,False,-46.44960168610669,194.7776666666614,False,train expectancy -46.4496 ≤ 0 (no in-sample edge)
orb_dax,CRASH,drop_F4,REJECT,9,7,0.42857142857142855,0.15821985525146975,0.7495416354723428,56.93351332222249,-44.07613760141534,174.8982642994584,-38.5,-42.11727823274032,110.61099999999715,165.97453335774784,5.445362531290474,3.1449839115346014,-147.29840674442676,0.199546495014681,False,False,-46.44960168610669,194.7776666666614,False,train expectancy -46.4496 ≤ 0 (no in-sample edge)
orb_dax,CRASH,all_off,REJECT,23,18,0.3333333333333333,0.1627877475083369,0.5625053270405489,9.034640691295156,-42.7563479393251,64.688379308652,-41.09892921315077,-60.88728716377818,61.053750000000036,125.78652102354891,1.140189533480298,1.2180891790169202,-369.8545391890766,0.38213598404434596,False,False,-23.278093634392615,73.6601093426707,False,train expectancy -23.2781 ≤ 0 (no in-sample edge)
us_momentum,TREND,baseline_F1234,PRIMARY,569,569,0.45518453427065025,0.4147037599260172,0.4962663711378316,3.284964403025567,-1.9663016819382009,9.067349602970733,-4.010000000002037,-43.5,37.10499999999956,65.95934966490381,0.790595927970153,1.1564045053191563,-2196.331235772559,0.11766819528865356,False,False,3.003011338514279,3.8942963035527405,True,OOS ratio 129.68% ≥ 70%
us_momentum,TREND,drop_F1,PRIMARY,2115,2115,0.440661938534279,0.41963003157965584,0.4619090052580973,2.981044570281443,-0.29983276927991775,6.311834644793614,-5.944999999999709,-43.5,30.8799999999992,75.19954148303277,0.6292939364751581,1.1333103680373422,-9252.444426469448,0.03421535218412599,False,False,-0.19964322870316317,9.82592263545845,False,train expectancy -0.1996 ≤ 0 (no in-sample edge)
us_momentum,TREND,drop_F2,PRIMARY,1658,1658,0.4632086851628468,0.43931936560656687,0.48726809593950876,2.173618845423752,-0.7548205078716992,5.053899125052499,-5.600000000000364,-43.5,32.89187499999889,60.04493501112016,0.5746551220984302,1.101978612745642,-3399.44523688556,0.07033495118250928,False,False,2.7572355766942813,0.7904946408273357,False,OOS ratio 28.67% < 70%
us_momentum,TREND,drop_F3,PRIMARY,569,569,0.45518453427065025,0.4147037599260172,0.4962663711378316,3.284964403025567,-1.9663016819382009,9.067349602970733,-4.010000000002037,-43.5,37.10499999999956,65.95934966490381,0.790595927970153,1.1564045053191563,-2196.331235772559,0.11766819528865356,False,False,3.003011338514279,3.8942963035527405,True,OOS ratio 129.68% ≥ 70%
us_momentum,TREND,drop_F4,PRIMARY,882,882,0.40249433106575966,0.37062046053073994,0.4352138698820851,-0.9734236383214394,-5.49925279117187,3.7021325955016304,-10.889999999999418,-43.5,34.45249999999987,71.01933261872776,-0.2175833063205444,0.9613857878431125,-4797.857708372878,0.6579690019192767,False,False,3.592825062517836,-8.611512374270774,False,test expectancy -8.6115 ≤ 0 (negative OOS)
us_momentum,TREND,all_off,PRIMARY,8652,8652,0.4463707813222376,0.4359220439051615,0.45686711998897084,2.722416822898967,1.2867907857119656,4.140510315667912,-8.0,-43.5,31.989000000001397,67.53049394482952,0.6399631447387681,1.1210425738989236,-14735.40696167898,8.905015829471707e-05,True,True,2.571911956887628,3.033673694735184,True,OOS ratio 117.95% ≥ 70%
us_momentum,CALM,baseline_F1234,PRIMARY,232,232,0.5646551724137931,0.5003162154447149,0.6268878823844477,6.497555408245121,0.5867986917061101,12.970584751083981,12.452499999999418,-43.5,46.01875000000018,47.29993734562007,2.180668732958211,1.3712521534569209,-897.6256027183263,0.018749769291838764,False,False,7.40425775097878,4.636429546844451,False,OOS ratio 62.62% < 70%
us_momentum,CALM,drop_F1,PRIMARY,1066,1066,0.49343339587242024,0.46349840573235584,0.5234155431667338,7.128189019806723,3.8924499429478825,10.346861207329535,-0.9109999999991487,-43.5,43.68499999999767,52.37526710522727,2.1604948083735054,1.398954748110579,-2071.982346507133,4.886476797296683e-06,True,True,12.106488811178416,-1.3969910300486177,False,test expectancy -1.3970 ≤ 0 (negative OOS)
us_momentum,CALM,drop_F2,PRIMARY,232,232,0.5646551724137931,0.5003162154447149,0.6268878823844477,6.497555408245121,0.5867986917061101,12.970584751083981,12.452499999999418,-43.5,46.01875000000018,47.29993734562007,2.180668732958211,1.3712521534569209,-897.6256027183263,0.018749769291838764,False,False,7.40425775097878,4.636429546844451,False,OOS ratio 62.62% < 70%
us_momentum,CALM,drop_F3,PRIMARY,232,232,0.5646551724137931,0.5003162154447149,0.6268878823844477,6.497555408245121,0.5867986917061101,12.970584751083981,12.452499999999418,-43.5,46.01875000000018,47.29993734562007,2.180668732958211,1.3712521534569209,-897.6256027183263,0.018749769291838764,False,False,7.40425775097878,4.636429546844451,False,OOS ratio 62.62% < 70%
us_momentum,CALM,drop_F4,PRIMARY,355,355,0.49295774647887325,0.44130531580157584,0.5447609541984623,2.359233489293634,-2.4396830997425503,7.7085810936244155,-2.2000000000007276,-43.5,38.852499999999964,49.035192210855726,0.7637712609219759,1.1194285665771777,-1154.6404182217302,0.1826387460080633,False,False,2.5746839334040503,1.9528554158495968,True,OOS ratio 75.85% ≥ 70%
us_momentum,CALM,all_off,PRIMARY,1324,1324,0.48413897280966767,0.45730499949806597,0.5110647183466368,6.12315388658564,3.2185031624668583,8.889803208440373,-2.0824999999986176,-43.5,42.311125000000175,52.56814403742028,1.84906764961138,1.330264889983106,-2972.5815941736346,1.2039273161328256e-05,True,True,10.28483101408736,-1.2184268498213613,False,test expectancy -1.2184 ≤ 0 (negative OOS)
us_momentum,CRASH,baseline_F1234,REJECT,13,13,0.5384615384615384,0.29143795714506004,0.7679393219046169,9.469801187427667,-59.97671321580381,73.7179181066086,121.38999999999942,-96.29999999999927,121.38999999999942,131.31231910583108,1.1448159202929733,1.1694241523066946,-688.3075845634376,0.3996279651509359,False,False,9.469801187427667,0.0,False,test expectancy 0.0000 ≤ 0 (negative OOS)
us_momentum,CRASH,drop_F1,PRIMARY,182,182,0.5274725274725275,0.4551245904570711,0.5986847159455886,44.81747783955522,21.838307798416373,70.33771794443886,8.467000000000553,-52.70710446444036,121.38999999999942,160.10486452080474,4.443683873348014,2.158599834668521,-4459.908291136155,0.00010781999850496008,True,True,25.26812069978038,321.7667039863654,True,OOS ratio 1273.41% ≥ 70%
us_momentum,CRASH,drop_F2,PRIMARY,147,147,0.2789115646258503,0.2127534510745994,0.3563305361250618,-13.820199194434682,-36.71543595688516,9.829640194440206,-60.53044354960548,-87.34984026763232,7.997250000000349,143.08079258110263,-1.5333215372198874,0.7790776328078475,-4253.301318605045,0.8782655511684063,False,False,5.786190041283892,-74.27323267123363,False,test expectancy -74.2732 ≤ 0 (negative OOS)
us_momentum,CRASH,drop_F3,REJECT,13,13,0.5384615384615384,0.29143795714506004,0.7679393219046169,9.469801187427667,-59.97671321580381,73.7179181066086,121.38999999999942,-96.29999999999927,121.38999999999942,131.31231910583108,1.1448159202929733,1.1694241523066946,-688.3075845634376,0.3996279651509359,False,False,9.469801187427667,0.0,False,test expectancy 0.0000 ≤ 0 (negative OOS)
us_momentum,CRASH,drop_F4,WARNING,54,54,0.7037037037037037,0.5717242709884697,0.8086257486782021,32.42203760782191,7.298123026445634,55.137291051964816,43.57750000000033,-45.231911989565106,121.38999999999942,90.9093560482449,5.661506289589632,2.2635472838904884,-1080.456189721499,0.005711102837459961,True,False,32.42203760782191,0.0,False,test expectancy 0.0000 ≤ 0 (negative OOS)
us_momentum,CRASH,all_off,PRIMARY,996,996,0.4608433734939759,0.4300964244062636,0.4918912074208859,16.877232605586315,8.730138884214556,24.905920485814267,-41.74524999999994,-77.16114765068323,105.0,128.07089437147772,2.091948862191279,1.3992576600295428,-9723.739494895888,1.7367241868731415e-05,True,True,15.296500221696158,24.04321941255502,True,OOS ratio 157.18% ≥ 70%
orb_dax,CRASH,F5_CRASH:F5a_range_exp,REJECT,9,7,0.42857142857142855,0.15821985525146975,0.7495416354723428,56.93351332222249,-44.07613760141534,174.8982642994584,-38.5,-42.11727823274032,110.61099999999715,165.97453335774784,5.445362531290474,3.1449839115346014,-147.29840674442676,0.199546495014681,False,False,-46.44960168610669,194.7776666666614,False,train expectancy -46.4496 ≤ 0 (no in-sample edge)
orb_dax,CRASH,F5_CRASH:F5b_brooks_break,REJECT,51,42,0.38095238095238093,0.24999725763955144,0.5318595973284732,53.94930263115384,7.998337446535446,106.32615508442017,-38.5,-50.44854044358408,211.54399999999805,156.49976703887793,5.472331653960999,2.5087797053712992,-650.0115541738633,0.01549652229478221,False,False,12.986992797693574,185.0286940982267,True,OOS ratio 1424.72% ≥ 70%
orb_dax,CRASH,F5_CRASH:F5c_rsi_extreme,REJECT,8,6,1.0,0.6096657120978346,1.0,217.0219999999972,217.0219999999972,217.0219999999972,217.0219999999972,217.0219999999972,217.0219999999972,0.0,0.0,inf,0.0,1.0,False,False,0.0,217.0219999999972,False,train expectancy 0.0000 ≤ 0 (no in-sample edge)
orb_dax,CRASH,F5_CRASH:F5d_nr4,REJECT,39,31,0.1935483870967742,0.09187008361586096,0.36280257811795463,-16.391197782823163,-60.07382641310116,33.53779474193311,-62.78183279373661,-91.2428804436413,-38.5,137.42324735812971,-1.8934365410886012,0.7397077889867528,-1583.1474408502236,0.7441496981731806,False,False,-52.04016907646201,168.98345294409881,False,train expectancy -52.0402 ≤ 0 (no in-sample edge)
us_momentum,CALM,F5_CALM:F5a_macd_3_10,PRIMARY,232,232,0.5646551724137931,0.5003162154447149,0.6268878823844477,6.497555408245121,0.5867986917061101,12.970584751083981,12.452499999999418,-43.5,46.01875000000018,47.29993734562007,2.180668732958211,1.3712521534569209,-897.6256027183263,0.018749769291838764,False,False,7.40425775097878,4.636429546844451,False,OOS ratio 62.62% < 70%
us_momentum,CALM,F5_CALM:F5b_dual_ema,PRIMARY,214,214,0.5186915887850467,0.452010666420642,0.5847132888967195,0.4379480853981859,-5.944432104612424,7.169443452655872,3.8495000000011714,-43.5,31.730000000000473,49.286485937386715,0.14105713147321797,1.0206696506388495,-1627.6800021498257,0.4483494862509053,False,False,-5.498068017198646,8.775049353090365,False,train expectancy -5.4981 ≤ 0 (no in-sample edge)
us_momentum,CALM,F5_CALM:F5c_volume_profile,PRIMARY,410,410,0.4878048780487805,0.43975956416286177,0.5360765929285604,-0.3703546557101595,-5.264494603334005,4.652171370616613,-2.3400000000001455,-43.5,39.89375000000064,49.91840766350109,-0.11777615053460286,0.9835243915715615,-2297.4029056345425,0.5596703485137053,False,False,-1.057896734591727,0.8996883511127357,False,train expectancy -1.0579 ≤ 0 (no in-sample edge)
us_momentum,CALM,F5_CALM:F5d_atr_norm_momentum,PRIMARY,156,156,0.4358974358974359,0.3605494424755592,0.5143265743753913,-4.654481636042408,-12.38540673130905,4.13932766358967,-39.8219999999983,-48.31115944178873,29.211374999999407,53.067025494799324,-1.3923449572758266,0.8209601167860331,-1437.4720276476455,0.8624996050195489,False,False,-8.391041098445367,1.6590153866384534,False,train expectancy -8.3910 ≤ 0 (no in-sample edge)
